lake,date,mean_cyano,median_cyano,std_cyano,min_cyano,p10_cyano,p25_cyano,p75_cyano,p90_cyano,p95_cyano,max_cyano,valid_pixels,valid_percent,masked_percent,source_coverage_percent,clear_percent,mean_ndvi,mean_ndwi,satellite,mgrs_tiles,note
amatitlan,2025-01-28,4.437684535980225,4.491105556488037,0.367120623588562,0.3057246208190918,4.038251876831055,4.280774116516113,4.630420207977295,4.732485771179199,4.79367733001709,9.453113555908203,35983,95.77588501463934,4.22411498536066,100.0,99.36119244077722,-0.2241134345531463,0.4604031443595886,Sentinel-2B,15PYR;15PYS,
amatitlan,2025-04-15,4.518893241882324,4.630247116088867,1.2038538455963137,0.0860815048217773,3.364840507507324,3.5574655532836914,5.083440780639648,5.848915100097656,6.353096008300781,20.152606964111328,35527,94.56215065211605,5.43784934788395,100.0,98.35507053500132,-0.1035624742507934,0.292862981557846,Sentinel-2A,15PYR;15PYS,
amatitlan,2025-04-28,5.717925548553467,4.904947280883789,2.708690404891968,0.412947416305542,3.781451940536499,4.087015628814697,6.309657096862793,8.809344291687012,11.006954193115234,33.32426452636719,35460,94.38381687516636,5.616183124833644,100.0,98.36571732765503,-0.0803483054041862,0.2912366092205047,Sentinel-2B,15PYR;15PYS,
amatitlan,2025-11-24,4.68278169631958,4.0074238777160645,5.629298210144043,0.0143218040466308,3.167860507965088,3.5789148807525635,4.541961193084717,5.119610786437988,6.175183773040772,116.01893615722656,35929,95.6321533138142,4.3678466861857865,100.0,99.36385413894064,-0.2127452790737152,0.4320494532585144,Sentinel-2B,15PYR;15PYS,
amatitlan,2026-01-08,6.690025806427002,4.892258167266846,8.702851295471191,0.0406417846679687,4.396462440490723,4.72655200958252,5.17707109451294,7.712986946105957,13.11641788482666,129.5009765625,35759,95.1796646260314,4.820335373968592,100.0,98.9273356401384,-0.1044959872961044,0.355555385351181,Sentinel-2C,15PYR;15PYS,
amatitlan,2026-02-02,4.305152893066406,4.4363203048706055,0.3603995144367218,0.0070576667785644,3.8035731315612793,4.014621257781982,4.582557678222656,4.689960956573486,4.743129253387451,5.67492151260376,34291,91.27229172211872,8.727708277881288,100.0,95.30476443971254,-0.1088133677840232,0.2959131598472595,Sentinel-2B,15PYR;15PYS,
amatitlan,2026-02-07,4.303244590759277,4.463694095611572,0.4243619441986084,0.3856356143951416,3.667825222015381,4.010121822357178,4.634304523468018,4.723265647888184,4.768876552581787,10.582952499389648,35938,95.65610859728508,4.343891402714932,100.0,99.1322863987224,-0.1469341516494751,0.3637523055076599,Sentinel-2C,15PYR;15PYS,Cobertura válida parcial indicada por el PDF: aproximadamente 57.1%.
amatitlan,2026-03-29,6.430085182189941,5.241079807281494,3.900699138641357,0.2336659431457519,4.748279094696045,4.934338569641113,5.897067070007324,8.044718742370605,15.451101303100586,50.08632659912109,35870,95.47511312217196,4.524886877828054,100.0,98.3524088368379,-0.0966927111148834,0.3168610632419586,Sentinel-2C,15PYR;15PYS,
amatitlan,2026-04-13,6.730051040649414,6.418089389801025,1.4142240285873413,3.9095053672790527,5.402963161468506,5.740999221801758,7.171545028686523,8.577902793884277,9.55850601196289,22.036365509033203,36034,95.91163162097418,4.088368379025819,100.0,98.57599148256588,-0.0639929845929145,0.2942756116390228,Sentinel-2B,15PYR;15PYS,
amatitlan,2026-04-28,10.012560844421388,6.687098979949951,7.489023208618164,2.543187379837036,4.014001369476318,4.243822574615479,14.523783683776855,21.483539581298828,26.220996856689453,44.921871185302734,33649,89.56348150119777,10.436518498802236,100.0,93.63854138940644,0.0211109332740306,0.2302038371562957,Sentinel-2C,15PYR;15PYS,
amatitlan,2026-06-19,11.418869972229004,10.691143035888672,6.322733402252197,3.211019515991211,5.184152603149414,6.2601823806762695,14.458541870117188,17.965816497802734,21.760168075561523,81.57202911376953,35775,95.22225179664626,4.77774820335374,100.0,98.6239020495076,-0.0439010672271251,0.3541507720947265,Sentinel-2A,15PYR;15PYS,
atitlan,2025-01-18,0.8766459226608276,0.7554135322570801,0.7259507775306702,0.0003485679626464,0.1637258529663086,0.3665237426757812,1.1892695426940918,1.6648712158203125,2.0250778198242188,20.354148864746094,204508,65.6018938798554,34.398106120144604,100.0,99.78443643922358,-0.2742425501346588,0.5662263035774231,Sentinel-2B,15PXS;15PYS,
atitlan,2025-04-13,1.8823591470718384,1.8231725692749023,0.6075923442840576,0.0186595916748046,1.18927001953125,1.4831674098968506,2.225588321685791,2.6701765060424805,2.945356845855713,11.295782089233398,43456,13.93977693020809,86.06022306979192,14.332731337873428,14.27210408640506,-0.1087052151560783,0.3764437437057495,Sentinel-2C,15PXS;15PYS,
atitlan,2025-05-13,1.4479976892471311,1.4270832538604736,0.8249744772911072,0.0003485679626464,0.3744058609008789,0.7723982334136963,2.059816837310791,2.4982752799987797,2.7652130126953125,13.376666069030762,281610,90.33460468786588,9.66539531213411,100.0,99.69622218444157,-0.1813937723636627,0.4335303902626037,Sentinel-2C,15PXS;15PYS,
atitlan,2025-07-17,1.83880877494812,1.6630091667175293,1.189105749130249,0.000349998474121,0.5778994560241699,1.0483884811401367,2.4708352088928223,3.292539358139038,3.779945135116577,49.18890380859375,20985,6.731549587638456,93.26845041236156,14.142188547544276,14.107223624739769,-0.1260012686252594,0.3987337648868561,Sentinel-2A,15PXS,
atitlan,2025-11-21,0.8797320127487183,0.7422177791595459,0.7839343547821045,0.000349998474121,0.1607747077941894,0.3665237426757812,1.18927001953125,1.6873173713684082,2.08042049407959,23.52386474609375,190342,61.0577370317026,38.9422629682974,100.0,99.77545462419124,-0.2676571309566498,0.5637114644050598,Sentinel-2A,15PXS;15PYS,
atitlan,2025-12-29,0.8895382881164551,0.7586259841918945,0.7243873476982117,0.0003485679626464,0.1716547012329101,0.4111084938049316,1.2071619033813477,1.693375825881958,2.0874364376068115,25.4322509765625,225310,72.27474089067528,27.72525910932473,100.0,99.68499491565112,-0.2380453795194625,0.5146023631095886,Sentinel-2C,15PXS;15PYS,
atitlan,2026-02-12,1.0604482889175415,1.0040912628173828,0.6467796564102173,0.0019779205322265,0.2947366237640381,0.625685453414917,1.4123468399047852,1.8205175399780276,2.113095283508301,17.504867553710938,276052,88.5517144039443,11.4482855960557,100.0,99.78988968406466,-0.2511346042156219,0.522101640701294,Sentinel-2B,15PXS;15PYS,
atitlan,2026-03-24,1.3167699575424194,1.278947830200195,0.6309062838554382,0.0003485679626464,0.553560733795166,0.8895139694213867,1.673706293106079,2.087435483932495,2.383769989013672,11.720588684082031,298072,95.61527036867145,4.384729631328571,100.0,99.76775592559208,-0.2277815788984298,0.4800867736339569,Sentinel-2B,15PXS;15PYS,
atitlan,2026-04-13,2.188264846801758,2.235476493835449,0.7465928196907043,0.000349998474121,1.1892695426940918,1.7173171043395996,2.7349236011505127,3.111671209335327,3.286463499069214,11.240631103515623,300402,96.36268569100632,3.637314308993684,100.0,99.77770007794932,-0.1601222306489944,0.3838513493537903,Sentinel-2B,15PXS;15PYS,
atitlan,2026-04-28,1.8808094263076784,1.9211952686309812,0.7558804750442505,0.0003485679626464,0.8848536014556885,1.307586669921875,2.407901763916016,2.7982077598571777,3.0691919326782227,8.31039810180664,302806,97.13383866735528,2.866161332644728,100.0,99.68531569475944,-0.1680884659290313,0.3949286937713623,Sentinel-2C,15PXS;15PYS,
atitlan,2026-07-22,1.4336777925491333,1.341557502746582,0.963211715221405,0.0003485679626464,0.3494668006896972,0.7355155944824219,2.0258588790893555,2.540079116821289,2.814459800720215,20.67807006835937,263199,84.42874052498709,15.571259475012912,100.0,99.77802085705764,-0.189543679356575,0.4652937352657318,Sentinel-2B,15PXS;15PYS,
