lake,date,satellite,scene_ids,l1c_scene_ids,mgrs_tiles,total_lake_pixels,source_pixels,clear_pixels,water_pixels,valid_pixels,valid_percent,masked_percent,source_coverage_percent,clear_percent,floating_vegetation_pixels,model_out_of_range_pixels,excluded_scl_pixels,note,mean_cyano,median_cyano,std_cyano,min_cyano,p10_cyano,p25_cyano,p75_cyano,p90_cyano,p95_cyano,max_cyano,mean_ndvi,median_ndvi,std_ndvi,min_ndvi,p10_ndvi,p25_ndvi,p75_ndvi,p90_ndvi,p95_ndvi,max_ndvi,mean_ndwi,median_ndwi,std_ndwi,min_ndwi,p10_ndwi,p25_ndwi,p75_ndwi,p90_ndwi,p95_ndwi,max_ndwi
amatitlan,2025-01-28,Sentinel-2B,S2B_MSIL2A_20250128T162439_R040_T15PYR_20250128T201354;S2B_MSIL2A_20250128T162439_R040_T15PYS_20250128T201354,S2B_15PYR_20250128_0_L1C;S2B_15PYS_20250128_0_L1C,15PYR;15PYS,37570,37570,37330,35995,35983,95.77588501463934,4.22411498536066,100.0,99.36119244077722,0,12,240,,4.437684535980225,4.491105556488037,0.367120623588562,0.3057246208190918,4.038251876831055,4.280774116516113,4.630420207977295,4.732485771179199,4.79367733001709,9.453113555908203,-0.22411343455314636,-0.23847696185112,0.05462063103914261,-0.31277531385421753,-0.2742980718612671,-0.257485032081604,-0.20494697988033295,-0.15887847542762756,-0.12450511008501053,0.44736841320991516,0.4604031443595886,0.4752851724624634,0.05539148673415184,-0.1947864294052124,0.3905945122241974,0.44054996967315674,0.49602121114730835,0.5094625949859619,0.5189641714096069,0.5473833084106445
amatitlan,2025-04-15,Sentinel-2A,S2A_MSIL2A_20250415T162701_R040_T15PYR_20250416T025913;S2A_MSIL2A_20250415T162701_R040_T15PYS_20250416T025913,S2A_15PYR_20250415_0_L1C;S2A_15PYS_20250415_0_L1C,15PYR;15PYS,37570,37570,36952,35532,35527,94.56215065211605,5.43784934788395,100.0,98.35507053500133,0,5,618,,4.518893241882324,4.630247116088867,1.2038538455963135,0.08608150482177734,3.364840507507324,3.5574655532836914,5.083440780639648,5.848915100097656,6.353096008300781,20.152606964111328,-0.10356247425079346,-0.11071106791496277,0.05350120738148689,-0.205020934343338,-0.15996071696281433,-0.14757278561592102,-0.0741550475358963,-0.035102058202028275,-0.0076870061457157135,0.44392719864845276,0.29286298155784607,0.30058467388153076,0.05519915372133255,-0.22954954206943512,0.22071659564971924,0.2577747106552124,0.33584335446357727,0.351053386926651,0.3614245653152466,0.44600000977516174
amatitlan,2025-04-28,Sentinel-2B,S2B_MSIL2A_20250428T161829_R040_T15PYR_20250428T211327;S2B_MSIL2A_20250428T161829_R040_T15PYS_20250428T211327,S2B_15PYR_20250428_0_L1C;S2B_15PYS_20250428_0_L1C,15PYR;15PYS,37570,37570,36956,35469,35460,94.38381687516636,5.616183124833644,100.0,98.36571732765505,25,9,614,,5.717925548553467,4.904947280883789,2.7086904048919678,0.412947416305542,3.781451940536499,4.087015628814697,6.309657096862793,8.809344291687012,11.006954193115234,33.32426452636719,-0.08034830540418625,-0.10344826430082321,0.10467644780874252,-0.30158731341362,-0.18295219540596008,-0.16095536947250366,-0.017689894884824753,0.056690823286771774,0.11007289588451385,0.6262833476066589,0.29123660922050476,0.2992957532405853,0.10718190670013428,-0.43651753664016724,0.15416456758975983,0.21854303777217865,0.3719247579574585,0.4131753742694855,0.44283679127693176,0.5502222180366516
amatitlan,2025-11-24,Sentinel-2B,S2B_MSIL2A_20251124T162519_R040_T15PYR_20251124T200754;S2B_MSIL2A_20251124T162519_R040_T15PYS_20251124T200754,S2B_15PYR_20251124_0_L1C;S2B_15PYS_20251124_0_L1C,15PYR;15PYS,37570,37570,37331,35941,35929,95.63215331381421,4.3678466861857865,100.0,99.36385413894064,111,12,239,,4.68278169631958,4.0074238777160645,5.629298210144043,0.01432180404663086,3.167860507965088,3.5789148807525635,4.541961193084717,5.119610786437988,6.1751837730407715,116.01893615722656,-0.2127452790737152,-0.24031008780002594,0.11486344039440155,-0.4318840503692627,-0.30105262994766235,-0.27572014927864075,-0.18772563338279724,-0.10172144323587418,-0.021341484040021896,0.7978684306144714,0.4320494532585144,0.4553571045398712,0.10471352189779282,-0.649359405040741,0.3393782675266266,0.41069096326828003,0.4859550893306732,0.5088757872581482,0.5227272510528564,0.6733332872390747
amatitlan,2026-01-08,Sentinel-2C,S2C_MSIL2A_20260108T162651_R040_T15PYR_20260108T200411;S2C_MSIL2A_20260108T162651_R040_T15PYS_20260108T200411,S2C_15PYR_20260108_1_L1C;S2C_15PYS_20260108_0_L1C,15PYR;15PYS,37570,37570,37167,35775,35759,95.17966462603141,4.820335373968592,100.0,98.92733564013841,151,16,403,,6.690025806427002,4.892258167266846,8.702851295471191,0.04064178466796875,4.396462440490723,4.7265520095825195,5.1770710945129395,7.712986946105957,13.11641788482666,129.5009765625,-0.10449598729610443,-0.15202702581882477,0.1406843662261963,-0.26624739170074463,-0.21146951615810394,-0.1900532990694046,-0.07170115411281586,0.06356333196163177,0.17950326204299927,0.7728937268257141,0.35555538535118103,0.4010152220726013,0.13655632734298706,-0.6165664196014404,0.2046421766281128,0.3296089172363281,0.43526512384414673,0.4552631378173828,0.46544981002807617,0.4978961646556854
amatitlan,2026-02-02,Sentinel-2B,S2B_MSIL2A_20260202T162409_R040_T15PYR_20260202T195733;S2B_MSIL2A_20260202T162409_R040_T15PYS_20260202T195733,S2B_15PYR_20260202_0_L1C;S2B_15PYS_20260202_0_L1C,15PYR;15PYS,37570,37570,35806,34295,34291,91.27229172211871,8.727708277881288,100.0,95.30476443971254,0,4,1764,,4.305152893066406,4.4363203048706055,0.3603995144367218,0.007057666778564453,3.8035731315612793,4.014621257781982,4.582557678222656,4.689960956573486,4.743129253387451,5.67492151260376,-0.10881336778402328,-0.10791367292404175,0.05272720009088516,-0.23339658975601196,-0.17900018393993378,-0.1472868174314499,-0.072426937520504,-0.041970983147621155,-0.023458506911993027,0.1305970400571823,0.2959131598472595,0.29073482751846313,0.06308306008577347,0.05471599102020264,0.21506807208061218,0.24865448474884033,0.3469143509864807,0.37922078371047974,0.40369391441345215,0.43977588415145874
amatitlan,2026-02-07,Sentinel-2C,S2C_MSIL2A_20260207T162441_R040_T15PYR_20260207T192010;S2C_MSIL2A_20260207T162441_R040_T15PYS_20260207T192010,S2C_15PYR_20260207_0_L1C;S2C_15PYS_20260207_0_L1C,15PYR;15PYS,37570,37570,37244,35945,35938,95.65610859728507,4.343891402714932,100.0,99.13228639872239,0,7,326,Cobertura válida parcial indicada por el PDF: aproximadamente 57.1%.,4.303244590759277,4.463694095611572,0.4243619441986084,0.3856356143951416,3.667825222015381,4.010121822357178,4.634304523468018,4.723265647888184,4.768876552581787,10.582952499389648,-0.1469341516494751,-0.1570248007774353,0.043489813804626465,-0.253731369972229,-0.1897810399532318,-0.17845119535923004,-0.12709829211235046,-0.0906095877289772,-0.06336940824985504,0.14780601859092712,0.3637523055076599,0.3725000321865082,0.04667922854423523,0.05510534346103668,0.30434781312942505,0.3410404622554779,0.39670470356941223,0.4145077168941498,0.42133328318595886,0.4445892870426178
amatitlan,2026-03-29,Sentinel-2C,S2C_MSIL2A_20260329T161851_R040_T15PYR_20260329T212913;S2C_MSIL2A_20260329T161851_R040_T15PYS_20260329T212913,S2C_15PYR_20260329_0_L1C;S2C_15PYS_20260329_0_L1C,15PYR;15PYS,37570,37570,36951,35870,35870,95.47511312217195,4.524886877828054,100.0,98.3524088368379,5,0,619,,6.430085182189941,5.241079807281494,3.9006991386413574,0.23366594314575195,4.748279094696045,4.934338569641113,5.897067070007324,8.044718742370605,15.451101303100586,50.086326599121094,-0.09669271111488342,-0.1169811487197876,0.07949674874544144,-0.24430957436561584,-0.16193024814128876,-0.13990822434425354,-0.08384458720684052,-0.018778514117002487,0.0958307534456253,0.5745132565498352,0.3168610632419586,0.3371058702468872,0.07679226994514465,-0.3934837281703949,0.22659581899642944,0.29326575994491577,0.3645344078540802,0.3847517967224121,0.39799052476882935,0.49269309639930725
amatitlan,2026-04-13,Sentinel-2B,S2B_MSIL2A_20260413T161829_R040_T15PYR_20260413T200138;S2B_MSIL2A_20260413T161829_R040_T15PYS_20260413T200138,S2B_15PYR_20260413_0_L1C;S2B_15PYS_20260413_0_L1C,15PYR;15PYS,37570,37570,37035,36034,36034,95.91163162097418,4.088368379025819,100.0,98.57599148256588,0,0,535,,6.730051040649414,6.418089389801025,1.4142240285873413,3.9095053672790527,5.402963161468506,5.740999221801758,7.171545028686523,8.577902793884277,9.55850601196289,22.036365509033203,-0.06399298459291458,-0.07033146172761917,0.0386202298104763,-0.1907387226819992,-0.10059887170791626,-0.08528432250022888,-0.05288080498576164,-0.02097197063267231,0.005774156656116247,0.2979999780654907,0.2942756116390228,0.30224621295928955,0.047795575112104416,-0.10798122733831406,0.23277278244495392,0.2728494703769684,0.32486388087272644,0.3412967026233673,0.35488125681877136,0.4561717212200165
amatitlan,2026-04-28,Sentinel-2C,S2C_MSIL2A_20260428T161901_R040_T15PYR_20260428T211111;S2C_MSIL2A_20260428T161901_R040_T15PYS_20260428T211111,S2C_15PYR_20260428_0_L1C_fallback;S2C_15PYS_20260428_0_L1C_fallback,15PYR;15PYS,37570,37570,35180,33649,33649,89.56348150119777,10.436518498802236,100.0,93.63854138940644,382,0,2390,,10.012560844421387,6.687098979949951,7.489023208618164,2.543187379837036,4.014001369476318,4.2438225746154785,14.523783683776855,21.483539581298828,26.220996856689453,44.921871185302734,0.021110933274030685,-0.011337892152369022,0.17729304730892181,-0.1964285671710968,-0.16577540338039398,-0.13664056360721588,0.11970260739326477,0.2730579972267151,0.37663188576698303,0.6705116629600525,0.23020383715629578,0.24424974620342255,0.17314647138118744,-0.4742887616157532,-0.0005066596786491573,0.13976038992404938,0.3857228457927704,0.41716328263282776,0.4254544973373413,0.4568368196487427
amatitlan,2026-06-19,Sentinel-2A,S2A_MSIL2A_20260619T162701_R040_T15PYR_20260620T054123;S2A_MSIL2A_20260619T162701_R040_T15PYS_20260620T054123,S2A_15PYR_20260619_0_L1C;S2A_15PYS_20260619_0_L1C,15PYR;15PYS,37570,37570,37053,35775,35775,95.22225179664626,4.77774820335374,100.0,98.62390204950759,72,0,517,,11.418869972229004,10.691143035888672,6.322733402252197,3.211019515991211,5.184152603149414,6.2601823806762695,14.458541870117188,17.965816497802734,21.760168075561523,81.57202911376953,-0.04390106722712517,-0.04234526306390762,0.11690358817577362,-0.24709782004356384,-0.1856474131345749,-0.13595165312290192,0.017582427710294724,0.07739686220884323,0.1511777937412262,0.726509153842926,0.35415077209472656,0.3550834655761719,0.11273068189620972,-0.5163670182228088,0.23350155353546143,0.2896500527858734,0.4423253536224365,0.49211058020591736,0.5091453194618225,0.5437262058258057
atitlan,2025-01-18,Sentinel-2B,S2B_MSIL2A_20250118T162519_R040_T15PXS_20250118T201048;S2B_MSIL2A_20250118T162519_R040_T15PYS_20250118T201048,S2B_15PXS_20250118_0_L1C;S2B_15PYS_20250118_0_L1C,15PXS;15PYS,311741,311741,311069,306166,204508,65.6018938798554,34.398106120144604,100.0,99.78443643922358,0,101658,672,,0.8766459226608276,0.7554135322570801,0.7259507775306702,0.0003485679626464844,0.1637258529663086,0.36652374267578125,1.1892695426940918,1.6648712158203125,2.0250778198242188,20.354148864746094,-0.2742425501346588,-0.28875380754470825,0.05067692697048187,-0.5208613872528076,-0.30817610025405884,-0.2996845543384552,-0.2701265215873718,-0.22493228316307068,-0.1827956885099411,0.5263158082962036,0.5662263035774231,0.5795246362686157,0.04840898886322975,-0.3812708854675293,0.5274542570114136,0.5631768703460693,0.5882353186607361,0.5947954654693604,0.5978062152862549,0.6778378486633301
atitlan,2025-04-13,Sentinel-2C,S2C_MSIL2A_20250413T161851_R040_T15PXS_20250413T212014;S2C_MSIL2A_20250413T161851_R040_T15PYS_20250413T212014,S2C_15PXS_20250413_0_L1C_fallback;S2C_15PYS_20250413_0_L1C_fallback,15PXS;15PYS,311741,44681,44492,43551,43456,13.93977693020809,86.06022306979192,14.332731337873428,14.272104086405061,0,95,189,,1.8823591470718384,1.8231725692749023,0.6075923442840576,0.018659591674804688,1.18927001953125,1.4831674098968506,2.225588321685791,2.6701765060424805,2.945356845855713,11.295782089233398,-0.10870521515607834,-0.12028725445270538,0.036378420889377594,-0.27339449524879456,-0.14124293625354767,-0.132437601685524,-0.09489048272371292,-0.05863707885146141,-0.03515982627868652,0.38785624504089355,0.3764437437057495,0.38874679803848267,0.040865130722522736,-0.24791084229946136,0.3222354054450989,0.3599003851413727,0.4036458134651184,0.41361260414123535,0.4187924861907959,0.501259446144104
atitlan,2025-05-13,Sentinel-2C,S2C_MSIL2A_20250513T161851_R040_T15PXS_20250513T205112;S2C_MSIL2A_20250513T161851_R040_T15PYS_20250513T205112,S2C_15PXS_20250513_0_L1C;S2C_15PYS_20250513_0_L1C,15PXS;15PYS,311741,311741,310794,304966,281610,90.33460468786589,9.66539531213411,100.0,99.69622218444157,0,23356,947,,1.4479976892471313,1.4270832538604736,0.8249744772911072,0.0003485679626464844,0.3744058609008789,0.7723982334136963,2.059816837310791,2.4982752799987793,2.7652130126953125,13.376666069030762,-0.18139377236366272,-0.18803419172763824,0.05420210584998131,-0.30445247888565063,-0.2423529177904129,-0.2293144166469574,-0.14488638937473297,-0.11204483360052109,-0.0863739401102066,0.4299287497997284,0.43353039026260376,0.4470426142215729,0.07234980165958405,-0.2653704881668091,0.33982688188552856,0.37217599153518677,0.5015197396278381,0.5145929455757141,0.5192604660987854,0.5382165312767029
atitlan,2025-07-17,Sentinel-2A,S2A_MSIL2A_20250717T163711_R083_T15PXS_20250718T010513,S2A_15PXS_20250717_1_L1C,15PXS,311741,44087,43978,24128,20985,6.731549587638456,93.26845041236155,14.142188547544276,14.107223624739769,0,3143,109,,1.8388087749481201,1.6630091667175293,1.189105749130249,0.00034999847412109375,0.5778994560241699,1.0483884811401367,2.4708352088928223,3.292539358139038,3.779945135116577,49.18890380859375,-0.1260012686252594,-0.14883112907409668,0.07947727292776108,-0.47703176736831665,-0.20786519348621368,-0.19021739065647125,-0.06591763347387314,-0.013444037176668644,0.010672244243323803,0.3867141306400299,0.3987337648868561,0.4501558840274811,0.12382261455059052,-0.2569892406463623,0.17588801681995392,0.33888229727745056,0.492635041475296,0.5074874758720398,0.5150501728057861,0.6074270606040955
atitlan,2025-11-21,Sentinel-2A,S2A_MSIL2A_20251121T162701_R040_T15PXS_20251121T204011;S2A_MSIL2A_20251121T162701_R040_T15PYS_20251121T204011,S2A_15PXS_20251121_0_L1C;S2A_15PYS_20251121_0_L1C,15PXS;15PYS,311741,311741,311041,305209,190342,61.0577370317026,38.9422629682974,100.0,99.77545462419124,0,114867,700,,0.8797320127487183,0.7422177791595459,0.7839343547821045,0.00034999847412109375,0.16077470779418945,0.36652374267578125,1.18927001953125,1.6873173713684082,2.08042049407959,23.52386474609375,-0.2676571309566498,-0.28658536076545715,0.05711472034454346,-0.46886011958122253,-0.30817610025405884,-0.30000004172325134,-0.2586206793785095,-0.20108693838119507,-0.15656568109989166,0.5581538677215576,0.5637114644050598,0.580071210861206,0.052298929542303085,-0.3974231779575348,0.5112263560295105,0.5575221180915833,0.5913200378417969,0.5978260636329651,0.6007463335990906,0.6560788750648499
atitlan,2025-12-29,Sentinel-2C,S2C_MSIL2A_20251229T162941_R040_T15PXS_20251229T194911;S2C_MSIL2A_20251229T162941_R040_T15PYS_20251229T194911,S2C_15PXS_20251229_0_L1C;S2C_15PYS_20251229_0_L1C,15PXS;15PYS,311741,311741,310759,305405,225310,72.27474089067528,27.72525910932473,100.0,99.68499491565113,0,80095,982,,0.8895382881164551,0.7586259841918945,0.7243873476982117,0.0003485679626464844,0.17165470123291016,0.41110849380493164,1.2071619033813477,1.693375825881958,2.0874364376068115,25.4322509765625,-0.23804537951946259,-0.2526315748691559,0.04694802314043045,-0.38372093439102173,-0.27272725105285645,-0.2645502984523773,-0.2299741804599762,-0.18500001728534698,-0.1482352614402771,0.546617865562439,0.5146023631095886,0.5266666412353516,0.044278573244810104,-0.3800979256629944,0.47096776962280273,0.5092436671257019,0.5374149680137634,0.545299232006073,0.5494691133499146,0.615384578704834
atitlan,2026-02-12,Sentinel-2B,S2B_MSIL2A_20260212T162309_R040_T15PXS_20260212T201321;S2B_MSIL2A_20260212T162309_R040_T15PYS_20260212T201321,S2B_15PXS_20260212_0_L1C;S2B_15PYS_20260212_0_L1C,15PXS;15PYS,311741,311741,311086,305220,276052,88.5517144039443,11.4482855960557,100.0,99.78988968406466,0,29168,655,,1.0604482889175415,1.0040912628173828,0.6467796564102173,0.0019779205322265625,0.2947366237640381,0.625685453414917,1.4123468399047852,1.8205175399780273,2.113095283508301,17.504867553710938,-0.25113460421562195,-0.26424869894981384,0.04193694517016411,-0.37278103828430176,-0.28042328357696533,-0.27365732192993164,-0.24637684226036072,-0.20481927692890167,-0.17037039995193481,0.5081415176391602,0.522101640701294,0.5335462689399719,0.04109592363238335,-0.3802672028541565,0.4846625328063965,0.5166931748390198,0.5430463552474976,0.5494327545166016,0.5530179142951965,0.60550457239151
atitlan,2026-03-24,Sentinel-2B,S2B_MSIL2A_20260324T161859_R040_T15PXS_20260324T213738;S2B_MSIL2A_20260324T161859_R040_T15PYS_20260324T213738,S2B_15PXS_20260324_0_L1C;S2B_15PYS_20260324_1_L1C,15PXS;15PYS,311741,311741,311017,305148,298072,95.61527036867143,4.384729631328571,100.0,99.76775592559208,0,7076,724,,1.3167699575424194,1.2789478302001953,0.6309062838554382,0.0003485679626464844,0.553560733795166,0.8895139694213867,1.673706293106079,2.087435483932495,2.383769989013672,11.720588684082031,-0.22778157889842987,-0.24276165664196014,0.042353395372629166,-0.3022049069404602,-0.25961539149284363,-0.25339365005493164,-0.21961618959903717,-0.16981130838394165,-0.14022140204906464,0.4225621521472931,0.4800867736339569,0.49476832151412964,0.0430435873568058,-0.26850828528404236,0.4246947467327118,0.4721407890319824,0.5051852464675903,0.5115206837654114,0.5154184699058533,0.5404624342918396
atitlan,2026-04-13,Sentinel-2B,S2B_MSIL2A_20260413T161829_R040_T15PXS_20260413T200138;S2B_MSIL2A_20260413T161829_R040_T15PYS_20260413T200138,S2B_15PXS_20260413_0_L1C;S2B_15PYS_20260413_0_L1C,15PXS;15PYS,311741,311741,311048,304437,300402,96.36268569100632,3.637314308993684,100.0,99.77770007794932,0,4035,693,,2.188264846801758,2.235476493835449,0.7465928196907043,0.00034999847412109375,1.1892695426940918,1.7173171043395996,2.7349236011505127,3.111671209335327,3.286463499069214,11.240631103515625,-0.16012223064899445,-0.16603773832321167,0.04421677440404892,-0.30512821674346924,-0.21678324043750763,-0.18431374430656433,-0.1304347664117813,-0.1042470932006836,-0.08883829414844513,0.43056437373161316,0.3838513493537903,0.3956044018268585,0.07037907093763351,-0.2652832567691803,0.2839224934577942,0.33834588527679443,0.421364963054657,0.47508305311203003,0.5025380849838257,0.5686695575714111
atitlan,2026-04-28,Sentinel-2C,S2C_MSIL2A_20260428T161901_R040_T15PXS_20260428T211111;S2C_MSIL2A_20260428T161901_R040_T15PYS_20260428T211111,S2C_15PXS_20260428_0_L1C,15PXS;15PYS,311741,311741,310760,304284,302806,97.13383866735528,2.8661613326447277,100.0,99.68531569475944,0,1478,981,,1.8808094263076782,1.9211952686309814,0.7558804750442505,0.0003485679626464844,0.8848536014556885,1.307586669921875,2.4079017639160156,2.7982077598571777,3.0691919326782227,8.31039810180664,-0.16808846592903137,-0.1675126999616623,0.05199998617172241,-0.2870248854160309,-0.229787215590477,-0.21487605571746826,-0.14163093268871307,-0.1010928750038147,-0.07232703268527985,0.27285417914390564,0.3949286937713623,0.39246663451194763,0.06610005348920822,-0.1074681356549263,0.31315484642982483,0.3476298153400421,0.46036583185195923,0.4756995439529419,0.48051953315734863,0.5050072073936462
atitlan,2026-07-22,Sentinel-2B,S2B_MSIL2A_20260722T161829_R040_T15PXS_20260722T201316;S2B_MSIL2A_20260722T161829_R040_T15PYS_20260722T201316,S2B_15PXS_20260722_0_L1C;S2B_15PYS_20260722_0_L1C,15PXS;15PYS,311741,311741,311049,303778,263199,84.42874052498709,15.571259475012912,100.0,99.77802085705763,19,40579,692,,1.4336777925491333,1.341557502746582,0.963211715221405,0.0003485679626464844,0.34946680068969727,0.7355155944824219,2.0258588790893555,2.540079116821289,2.814459800720215,20.678070068359375,-0.189543679356575,-0.19999997317790985,0.06795754283666611,-0.3234671950340271,-0.2625698447227478,-0.24009323120117188,-0.14798209071159363,-0.11382114142179489,-0.08982035517692566,0.6187233924865723,0.4652937352657318,0.4862915277481079,0.09219864010810852,-0.47042906284332275,0.34361234307289124,0.39976558089256287,0.538221538066864,0.5650741457939148,0.5739837884902954,0.5980392098426819
